id,flight_id_1,flight_id_2,detected_at,middle_point_lat,middle_point_lon,horizontal_distance,vertical_distance,remaining_time,flight_1_conflict_entry_lat,flight_1_conflict_entry_lon,flight_1_conflict_entry_flight_level,flight_1_conflict_exit_lat,flight_1_conflict_exit_lon,flight_1_conflict_exit_flight_level,flight_2_conflict_entry_lat,flight_2_conflict_entry_lon,flight_2_conflict_entry_flight_level,flight_2_conflict_exit_lat,flight_2_conflict_exit_lon,flight_2_conflict_exit_flight_level,active,last_checked
2978,PO00509112,PO00521673,2026-04-14 21:18:13.027808 +00:00,50.823191437923406,14.025970188356634,1.5459341123832442,0.11018543399100578,0.002392220934667169,50.83169060228336,14.009821804142117,356.0000330694515,50.82990025742038,14.012465470741398,376.0000330694515,50.815287493339156,14.04111676725847,366.00003306945143,50.81347590940151,14.044535452005169,366.00003306945143,false,2026-04-14 21:20:13.029124 +00:00
2933,PO00516957,PO00518937,2026-04-14 20:44:50.846020 +00:00,46.15859831188969,20.400005199380377,1.2054334268487383,-0.11262327862185681,-0.0021966552222091986,46.134581873496465,20.442881528140067,350.00002245015645,46.15562628965493,20.40537229039829,370.00002245015645,46.14744085001733,20.419822279524638,360.00002245015645,46.168162922821075,20.382887581529456,360.00002245015645,false,2026-04-14 20:45:21.497797 +00:00
2942,PO00506935,PO00509299,2026-04-14 20:53:57.918070 +00:00,45.82966627384706,11.557511646601634,0.04471928490687883,0.0000020742015256076063,-0.4349639071282224,54.85855154830661,15.393589811909765,380,36.80058822599492,7.72257406271531,380,54.77830795946173,15.358279895302237,380.0001260308801,36.88121736162498,7.755602816479225,380.0001260308801,false,2026-04-14 20:54:27.280925 +00:00
2931,PO00507064,PO00516489,2026-04-14 20:44:48.865161 +00:00,51.351071521229294,10.166889495738458,0.7661551141258803,-0.0329110848691816,-0.00960242820257042,50.350926451761495,12.040270430019135,343,52.35997628865759,8.27893145061378,343,50.4020079254963,12.143593452206426,341.00028447579643,52.2913754190018,8.204762650114489,341.00028447579643,false,2026-04-14 20:45:21.597487 +00:00
2943,PO00506935,PO00509299,2026-04-14 20:53:57.918693 +00:00,47.42708948453965,12.806254494712274,0.003105285331446298,0.0000008364776540927858,-0.6658679569334254,56.659859481039476,15.115826248015754,380,38.194311397267825,10.496763419683287,380,56.577615687251246,15.095170679637333,380.0000508253483,38.27657137260005,10.517257631512726,380.0000508253483,false,2026-04-14 20:54:27.280968 +00:00
2944,PO00489910,PO00508631,2026-04-14 20:54:24.125377 +00:00,48.11665543693081,12.105938188333628,2.0155836316523974,-0.032361755906605914,0.053934161034787695,48.159909265415045,12.128329842372098,372,48.09982614991353,12.0523364168201,372,48.08647949818262,12.069117088438428,370.0336623379582,48.12040683421207,12.173969405703879,370.0336623379582,false,2026-04-14 20:54:55.248890 +00:00
2932,PO00516957,PO00518937,2026-04-14 20:44:50.845550 +00:00,46.09557818354362,20.516482409730543,0.03663787415376094,-0.0009740845949640781,-0.0005296300018675123,46.092131094323285,20.523603360692793,350.0000000218916,46.09907796234449,20.51030963135968,370.0000000218916,46.0919568995161,20.52264491819706,360.0000000218916,46.09906359983147,20.50952804380537,360.0000000218916,false,2026-04-14 20:48:22.471176 +00:00
2945,PO00489910,PO00508631,2026-04-14 20:54:24.126141 +00:00,48.12479759824706,12.146915805466856,2.90588465345219,-0.03291228249943393,0.0035094620878351967,48.17634163052017,12.133397187031944,372,48.103925369166554,12.104308057471457,372,48.0932468215205,12.125139450690101,370.0002117063992,48.12567657178103,12.22481852667392,370.0002117063992,false,2026-04-14 20:54:55.249014 +00:00
2941,PO00504539,PO00513014,2026-04-14 20:53:58.215100 +00:00,48.61419266882109,19.4235035594832,4.8013244771608505,-0.06956633798600276,0.0028307446755437234,48.579939785619764,19.41597406762311,350.00035089148804,48.594571274576715,19.358367828032527,370.00035089148804,48.62833362775405,19.512304765904364,360.00035089148804,48.64197517142619,19.455660483916517,360.00035089148804,false,2026-04-14 20:55:27.804577 +00:00
2934,PO00516957,PO00518937,2026-04-14 20:44:50.846399 +00:00,46.15983131811942,20.397583470683742,0.024553403316668,0.0000000001620091149096846,-0.29314322422800276,44.761718364781174,23.07599643323825,360,47.557621031934715,17.719532161575103,360,44.71102928080066,22.980607543272562,360.00000000984386,47.60895659496114,17.814197744649054,360.00000000984386,false,2026-04-14 20:49:55.687364 +00:00
2936,PO00496164,PO00522487,2026-04-14 20:50:22.749171 +00:00,48.923316440051025,13.355572669114474,2.3535519627754926,-0.11515837899015376,0.011878241302070061,48.96698833795495,13.407020758739499,377,48.91882230306067,13.302137330761335,377,48.92536761935074,13.297041315341588,370.00284390125444,48.88208749983773,13.416091271615475,370.00284390125444,false,2026-04-14 20:50:53.184398 +00:00
2935,PO00504658,PO00511858,2026-04-14 20:47:53.527913 +00:00,47.55840885691481,13.343348560926211,0.04960794347661075,-0.059390591655741065,0.0025719943220565344,47.55145175358119,13.341028345561556,380,47.57276770259492,13.350081369283988,380,47.5633735551362,13.349669076409901,370,47.548292289833576,13.328098213901292,390,false,2026-04-14 20:50:55.286539 +00:00
2937,PO00518127,PO00520310,2026-04-14 20:51:26.440267 +00:00,48.23644847411411,15.672938674941566,2.0441072404329104,0.00006807159900969228,0.08952028443003933,48.06556989684629,15.975305575228683,340,48.38555315418821,15.40941053228412,340,48.145768536190026,16.00859615998811,340.0041361089687,48.34890230923192,15.298442432265349,340.0041361089687,false,2026-04-14 20:52:26.046389 +00:00
2938,PO00518127,PO00520310,2026-04-14 20:52:26.749784 +00:00,48.23644847411411,15.672938674941566,2.0441072404329104,0.00006807159900969228,0.08952028443003933,48.06556989684629,15.975305575228683,340,48.38555315418821,15.40941053228412,340,48.145768536190026,16.00859615998811,340.0041361089687,48.34890230923192,15.298442432265349,340.0041361089687,true,2026-04-14 20:52:26.749790 +00:00
2946,PO00503727,PO00516548,2026-04-14 20:55:29.146873 +00:00,52.20563483563397,5.770465262850592,3.4095786829228136,0.07146417155900942,0.00046885262613463873,52.21983144408032,5.729266950475374,370,52.21972764538039,5.730646863640707,370,52.19175293725768,5.80999470573798,360,52.191417878502584,5.810942000647292,380,false,2026-04-14 20:56:28.081960 +00:00
2939,PO00496748,PO00515484,2026-04-14 20:52:52.299493 +00:00,48.289220865770815,16.291827681696383,1.6560820983409241,0.0006692126051450302,0.145198340529534,48.255201979203,16.3285208592146,380,48.31670261758227,16.215123785606593,380,48.33807701139729,16.34072585774736,380.0406621307326,48.24690185490069,16.282940224216972,380.0406621307326,false,2026-04-14 20:53:53.505488 +00:00
2940,PO00489129,PO00504793,2026-04-14 20:53:22.365085 +00:00,50.10121432620242,14.666413972475345,4.082220894177546,0.14266759698343234,0.001825866593801792,50.074298541455065,14.700715558294885,380,50.07438433777605,14.698803853865417,380,50.127403564326414,14.634092623629522,370,50.12809612820074,14.63388287075937,390,false,2026-04-14 20:53:52.835070 +00:00
2948,PO00507922,PO00521194,2026-04-14 20:56:29.030805 +00:00,50.49941352410825,14.859819769660692,1.7212602700835196,0.005725327827273752,0.016371782848055783,50.48517309207865,14.864988822350467,310.000037663697,50.4857025774904,14.86479670927695,290.000037663697,50.51311524415558,14.854846177718954,300.00003766369696,50.51362696160049,14.854660511392872,300.00003766369696,false,2026-04-14 20:57:00.361770 +00:00
2953,PO00501747,PO00506960,2026-04-14 20:59:59.264843 +00:00,48.90992386647685,15.102652594746342,0.3830988691459276,0.00004302595481458948,0.05603619712550091,48.70176252675614,15.35736721142548,380,49.113782130845955,14.855031311776882,380,48.767374549646526,15.434581467359141,380.0026143067033,49.056776258658786,14.763630388423868,380.0026143067033,false,2026-04-14 21:00:59.386631 +00:00
2954,PO00501747,PO00506960,2026-04-14 20:59:59.265468 +00:00,48.89682811902659,15.117146141775141,0.44809993143896065,0.00000005349258145810899,-0.03725357654148146,48.67812309319598,15.387215309767752,380,49.11021033270804,14.855033887945998,380,48.741585182562844,15.469229740696463,380.00000325027105,49.057393867639476,14.757105628690352,380.00000325027105,false,2026-04-14 21:00:59.386671 +00:00
2951,PO00508631,PO00515378,2026-04-14 20:57:28.711720 +00:00,48.42014502513748,12.439618616594066,4.031881708985732,0.08851445973901054,-0.00005840095935503318,48.3873653990616,12.433886056316968,345.7290202364153,48.38468642157458,12.43621509847305,367.53732559752626,48.45406055622092,12.445357891970907,355.7290202364153,48.45182406772532,12.442999791183912,357.53732559752626,false,2026-04-14 20:57:59.067673 +00:00
2956,PO00522240,PO00522487,2026-04-14 21:00:31.975261 +00:00,47.01131396785099,18.293968218710997,1.1402494336840767,0.00000034610317093954665,-0.2611909904783594,48.10821985329059,15.384556650614503,370,45.90252614332137,21.225125327957944,370,48.05684879933241,15.288351289147325,370.0000210296284,45.9776610754596,21.27783960712422,370.0000210296284,false,2026-04-14 21:03:02.717879 +00:00
2957,PO00522240,PO00522487,2026-04-14 21:00:31.975713 +00:00,45.750810590451756,21.625699842019063,0.023601646084145833,0.00000029121305621410716,-1.1478133743370553,51.83352338881337,5.521074101618886,370,39.66775398283609,37.730045904111265,370,51.87424032662708,5.414465599166384,370.0000176944416,39.627724663530486,37.83721376317972,370.0000176944416,false,2026-04-14 21:03:02.717925 +00:00
2949,PO00503727,PO00516548,2026-04-14 20:56:57.744842 +00:00,52.08977656626597,6.5785850653287286,1.8937316981089525,-0.10581699169635905,0.00021010404400227903,52.098492500479445,6.556924956124457,370,52.09881616397301,6.55876237551603,370,52.08109528196811,6.599645713420382,360,52.08057752507975,6.601166208192366,380,false,2026-04-14 20:58:29.464537 +00:00
2950,PO00504539,PO00506247,2026-04-14 20:57:27.755751 +00:00,49.12225838660347,17.020502648459953,1.4423838748110034,-0.1416904882752706,0.03927750010095696,49.10492404552903,17.043334784645364,1032.7620404145964,49.12625016396853,16.958651295745447,1166.5000108160311,49.12658773922347,16.99959028584591,1022.7620404145963,49.156961019480526,17.076642000244764,1162.0286206208839,false,2026-04-14 20:58:59.627793 +00:00
2947,PO00504223,PO00521804,2026-04-14 20:56:29.255916 +00:00,50.10658694112383,14.797095814147962,3.0399437523070594,-0.0873841730346584,0.0016324119001459513,50.133176125127065,14.82293743826029,360.0003846014248,50.11064035322129,14.837145101685442,380.0003846014248,50.07778039899674,14.772039631091973,370.0003846014248,50.103212867672745,14.756805888682724,370.0003846014248,false,2026-04-14 20:59:28.760612 +00:00
2952,PO00522240,PO00522487,2026-04-14 20:58:00.410011 +00:00,45.750810590451756,21.625699842019063,0.023601646084145833,0.00000029121305621410716,-1.1478133743370553,51.83352338881337,5.521074101618886,370,39.66775398283609,37.730045904111265,370,51.87424032662708,5.414465599166384,370.0000176944416,39.627724663530486,37.83721376317972,370.0000176944416,false,2026-04-14 21:00:01.216816 +00:00
2955,PO00499351,PO00518324,2026-04-14 21:00:28.119608 +00:00,48.7533944302645,13.759073355159977,4.675670679391006,0.000028841062294535433,0.1495683657730447,48.671980388811065,14.095566755564853,380,48.88691088433906,13.335725276223497,380,48.59794962081828,14.15279874700876,380.00175241625226,48.85673682708959,13.452202641842803,380.00175241625226,false,2026-04-14 21:01:29.270624 +00:00
2960,PO00508151,PO00516548,2026-04-14 21:03:01.455528 +00:00,51.44898759924412,10.498912872200437,0.36565985681362373,0.03611692971659612,-0.0005219104711359773,51.448696763224106,10.496030314842344,370,51.446858792722956,10.507858571527004,370,51.45274252369836,10.487799946894746,360,51.44889910237907,10.498925440450206,380,false,2026-04-14 21:03:31.994185 +00:00
2961,PO00508151,PO00516548,2026-04-14 21:03:01.456668 +00:00,51.411506542258,10.735040402430169,0.005861459310398283,0.00000002590730786594705,-0.2613807887716571,51.961712087976075,7.193975968650845,370,50.8612062712632,14.27606694162425,370,51.981953372826496,7.06436460057296,370.0000015741579,50.841154436966235,14.405754098872622,370.0000015741579,false,2026-04-14 21:06:03.648614 +00:00
2958,PO00495950,PO00518324,2026-04-14 21:01:27.877051 +00:00,48.7712622792081,13.71902862183635,2.75274899983208,0.000036751867968186285,0.11971595236720019,48.56326168653397,14.504327536147986,400,49.01811697998995,12.897226044062233,400,48.487501193130534,14.452473181958817,400.0022330859409,49.01616925717796,13.022087725176359,400.0022330859409,false,2026-04-14 21:01:43.139511 +00:00
2959,PO00501747,PO00506960,2026-04-14 21:01:57.544204 +00:00,49.88375950319975,12.86778529571765,3.5739523860636626,0.0000152980795000405,0.10074915751571216,49.392747638066126,13.80354421257435,380,50.39665059999362,11.847765579265417,380,49.4250306398146,13.920387080293589,380.0009295289775,50.32060913492465,11.899444310737245,380.0009295289775,false,2026-04-14 21:02:29.897443 +00:00
2963,PO00500624,PO00516579,2026-04-14 21:07:02.188644 +00:00,45.990449102218726,23.33659028947747,3.2574970223603685,0.000005665091270879544,0.07361573981253268,45.76203096464811,23.86029214719601,340,46.17011144931036,22.847009076239,340,45.783071438633876,23.744780296415897,340.00034421748796,46.24658255628255,22.894279638058975,340.00034421748796,false,2026-04-14 21:10:04.047170 +00:00
2965,PO00508151,PO00516548,2026-04-14 21:07:34.487191 +00:00,50.98483642222477,12.648770907199717,4.512846702825097,-0.08380182342318454,0.0007514550614372495,51.002038814672815,12.699588588328316,358.64300080682847,51.00186467325769,12.702751609744029,379.9439521397756,50.9677654359793,12.593149070025916,368.64300080682847,50.9677654359793,12.596352586230154,369.9439521397756,false,2026-04-14 21:08:36.824083 +00:00
2962,PO00517398,PO00518989,2026-04-14 21:06:34.693418 +00:00,44.676076712331316,23.0629577692823,1.5027417195426322,0.030934840772721628,0.005091014057018991,44.707555796918086,23.045658035758034,370,44.670014097027234,23.09494030839618,370,44.64648296912691,23.086472148553987,360,44.68085059654768,23.02672718933679,380,false,2026-04-14 21:08:07.926256 +00:00
2979,PO00511020,PO00522058,2026-04-14 21:18:43.547286 +00:00,48.77376421999835,17.098680359936367,0.164408717154541,-0.07038593240769592,-0.00000002225439352349144,48.766366076444605,17.12226707055093,379.99992312018514,48.79620216021457,17.043864430358735,405.3105854650365,48.78281498372556,17.0791042937044,369.99992312018514,48.74720380869128,17.143491712667874,415.3105854650365,false,2026-04-14 21:19:13.742034 +00:00
2981,PO00517398,PO00518497,2026-04-14 21:19:44.850467 +00:00,41.1530043576622,27.39413168712633,3.562740384970542,0.05257100092525649,-0.000010136554896114235,41.1788931653806,27.376318383985197,302.30355311471914,41.18019291833626,27.375280765770217,316.2348161300463,41.126254615023555,27.412632291459023,312.30355311471914,41.1274848934337,27.41165013613304,306.2348161300463,false,2026-04-14 21:20:14.763772 +00:00
2968,PO00508151,PO00516548,2026-04-14 21:07:34.489045 +00:00,50.466864485677576,16.074913735097173,0.037005577209284414,0.0000033320341095837895,-0.017827281930444097,51.09349045109224,12.606763869266675,370,49.839646052357196,19.54279412185758,370,51.11703659220135,12.480057966138308,370.0002024582405,49.81728484705953,19.67003898312613,370.0002024582405,false,2026-04-14 21:08:06.133708 +00:00
2966,PO00508151,PO00516548,2026-04-14 21:07:34.487909 +00:00,50.466864485677576,16.074913735097173,0.037005577209284414,0.0000033320341095837895,-0.017827281930444097,51.09349045109224,12.606763869266675,370,49.839646052357196,19.54279412185758,370,51.11703659220135,12.480057966138308,370.0002024582405,49.81728484705953,19.67003898312613,370.0002024582405,false,2026-04-14 21:08:36.824127 +00:00
2967,PO00508151,PO00516548,2026-04-14 21:07:34.488569 +00:00,50.57674671580818,15.538988091866868,1.6220280267026579,0.000003465465935622777,-0.019085488161108076,51.096978313864824,12.5904528096805,370,50.02994280004462,18.495257102344233,370,51.10933942304101,12.459772153177838,370.00021056571234,50.070726326282255,18.610470302264908,370.00021056571234,false,2026-04-14 21:08:36.824141 +00:00
2983,PO00511133,PO00517917,2026-04-14 21:20:44.934485 +00:00,49.1550320007908,17.16854554353725,0.20870141727671773,-0.01616988984772814,0.09155213660906589,49.113798278568524,17.24291597774429,340,49.19582488084777,17.08893373133725,340,49.196771866508406,17.23211625316416,339.0174988189635,49.11373297723848,17.1102162119033,339.0174988189635,false,2026-04-14 21:21:16.658796 +00:00
2984,PO00517398,PO00518497,2026-04-14 21:20:44.701261 +00:00,40.93734450725619,27.879295729361942,3.2655449944267674,0.02519120035688742,-0.000010533828892442725,40.963852953998796,27.884241371068846,265.38048824554653,40.96502065796173,27.882640051289297,277.7722555407733,40.90987422572583,27.875605333952834,275.38048824554653,40.910977851633206,27.874242445692627,267.7722555407733,false,2026-04-14 21:21:16.502415 +00:00
3012,PO00506659,PO00522350,2026-04-14 21:35:20.594036 +00:00,48.63582318297079,17.570448082711085,3.33855316030617,0.000005520904206702153,-0.0009442983322404382,48.61037643675967,17.541299199914484,380,48.699791114532815,17.53893831685936,380,48.61656259029534,17.666922051319336,380.0003354565155,48.61656259029534,17.53463276275117,380.0003354565155,false,2026-04-14 21:40:25.141066 +00:00
2985,PO00517398,PO00518497,2026-04-14 21:21:46.830695 +00:00,40.77940060524762,28.47979605763496,3.038042492245726,-0.1213125868435094,-0.00015402431988399356,40.79242820332468,28.509714515753814,232.74783950666964,40.79383489389229,28.507060925782078,247.25229649746336,40.76409455832138,28.454034568243745,242.74783950666964,40.76531113258295,28.451902081993893,237.25229649746336,false,2026-04-14 21:22:46.677650 +00:00
3002,PO00505657,PO00517690,2026-04-14 21:31:18.770411 +00:00,33.0159218663113,28.12316836000017,4.839881237851284,0.0012121711930062704,0.15290724875568856,33.076324313778635,28.128074050991266,390,33.03560697174957,28.1071848081024,390,32.99385966940811,28.11404821342214,390.0736529215698,32.9578965103089,28.143366367484887,390.0736529215698,true,2026-04-14 21:32:48.139779 +00:00
3003,PO00503173,PO00507246,2026-04-14 21:34:18.334665 +00:00,46.7083178714036,12.602968157327327,0.7615461453728738,-0.07697001348064891,0.0006251541369323446,46.70891886610485,12.602740701588544,364,46.722957676060005,12.628944274833847,364,46.69795474687929,12.592671105508863,354,46.720593521138646,12.606009468218486,374,false,2026-04-14 21:34:48.433894 +00:00
2986,PO00489160,PO00523554,2026-04-14 21:22:41.155989 +00:00,44.79431481621214,25.826829623018853,2.8760465575099836,-0.11123928700197405,0.0009754899180780649,44.81642642366049,25.814285474768617,340,44.816855833764116,25.81309749519078,340,44.772081110359814,25.839689477668845,330,44.77240516796151,25.838929237050404,350.00000000000006,false,2026-04-14 21:26:13.168560 +00:00
2990,PO00505196,PO00517753,2026-04-14 21:25:13.099697 +00:00,51.138418369522604,8.798887786150562,1.5758675369184472,0.03554796502452712,0.0017967214964072396,51.127926215164216,8.832334228205806,370.0000394737003,51.13949654143744,8.794538927305451,390.0000394737003,51.13965640523281,8.795011343256853,380.0000394737003,51.1516933299948,8.757373594306014,380.0000394737003,false,2026-04-14 21:26:15.045851 +00:00
2989,PO00522240,PO00522487,2026-04-14 21:24:49.125343 +00:00,41.876098083380036,26.566639524415258,3.7064857446858497,0.0000035407264162119975,-0.04937344488137092,42.190148642715926,26.170008054439137,370,41.60485441892663,26.90349385718345,370,42.107068354191746,26.17769930567692,370.00021513862606,41.60232091768585,27.015356880361526,370.00021513862606,false,2026-04-14 21:26:50.613694 +00:00
2992,PO00519610,PO00522967,2026-04-14 21:27:20.187257 +00:00,48.45740768310001,16.001411067646938,4.9795267746106395,0.028734576155891867,-0.00048184357619526693,48.49490048542267,15.989787341733782,340,48.49905236245011,15.980839315972498,340,48.41492570344119,16.02304346378858,330,48.41926897414007,16.01494957534112,350,false,2026-04-14 21:27:51.158677 +00:00
2993,PO00522240,PO00522487,2026-04-14 21:27:50.046344 +00:00,41.65522221017559,26.98621351101804,3.252284904932177,0.057346661388440356,0.06896284615780854,41.489413649178225,27.135059443736225,-1813.6560329228469,42.073807583040235,26.631813506702024,-4669.151233973799,41.44538294101791,27.179803273457818,-1803.6560329228473,42.01406984917354,26.63191565397267,-4679.151233973799,false,2026-04-14 21:28:21.673096 +00:00
2995,PO00511020,PO00520137,2026-04-14 21:28:19.433581 +00:00,50.153115749273006,13.544432387819212,1.3915468354127014,-0.048593096871773156,0.000488471684161747,50.16343400508264,13.5527893966521,380,50.1636393920408,13.551802665230973,380,50.142775904604534,13.536619282684624,370,50.14263178499363,13.536062461617991,390,false,2026-04-14 21:28:49.383561 +00:00
2998,PO00505017,PO00509297,2026-04-14 21:29:45.783345 +00:00,50.07050729890312,14.36845010609297,2.489394309068908,-0.05427928123367226,0.006479843497616954,50.05626445594473,14.395105950737934,-40.639724936741956,50.12066464181414,14.405644329192059,-279.4393551280334,50.07412481106344,14.31562884975157,-50.63972493674194,50.041432905261466,14.383173706343767,-269.43935512803347,false,2026-04-14 21:30:16.756370 +00:00
3011,PO00506659,PO00522350,2026-04-14 21:35:20.593448 +00:00,48.63264081900073,17.53145699329063,0.5751906522669727,0.0008816551518654762,0.12159411100973473,48.54585677696353,17.535,380,48.7111189766403,17.535,380,48.59538515823999,17.634373433651458,380.0535703852118,48.67820236415909,17.42145453951106,380.0535703852118,false,2026-04-14 21:35:51.019425 +00:00
3005,PO00506659,PO00524643,2026-04-14 21:34:51.528961 +00:00,48.63615798000108,17.509674536619396,2.222148639011002,0.0034514312065124287,0.14664208864641104,48.58988926333212,17.534610707800404,380,48.670727783804026,17.53669876076388,380,48.67236407099959,17.517545199713712,380.2097129460125,48.61165080186858,17.44984347819959,380.2097129460125,false,2026-04-14 21:35:20.692350 +00:00
3004,PO00521151,PO00525115,2026-04-14 21:34:24.882644 +00:00,46.65641933706553,19.30767619152503,3.7258907771071827,0.14242176688454852,-0.0008478434478423549,46.67542795776623,19.3480455547067,340,46.683118737819086,19.330784227698825,340,46.6367344589295,19.267646502952072,330,46.62976874364703,19.284543640112556,350,false,2026-04-14 21:37:57.787185 +00:00
3007,PO00522350,PO00524643,2026-04-14 21:34:56.542423 +00:00,48.626611391345946,17.51987873589572,0.9801217222788721,0.0019000910334450846,0.1459362662074284,48.59693814591082,17.613424695371357,380,48.65995360443417,17.450130873287716,380,48.6728414304743,17.562167431525314,380.115451725523,48.576712384564495,17.453791943398492,380.115451725523,false,2026-04-14 21:35:26.476388 +00:00
3017,PO00518769,PO00520880,2026-04-14 21:40:29.294547 +00:00,49.022931252275285,17.955111057685357,2.0732434596405547,0.000001129642046433135,-0.03571275302607218,49.32243235065565,17.84561413529735,370,48.75556734840057,18.045330411449953,370,49.26257249981716,17.757262538160795,370.0000686383553,48.751152810227744,18.172237145833336,370.0000686383553,false,2026-04-14 21:41:00.040198 +00:00
3013,PO00506662,PO00521223,2026-04-14 21:35:51.733799 +00:00,51.19919338550103,7.13785094917374,4.765277413247285,0.06599316292715245,0.029970669630318393,51.1551054273287,7.16885417574315,380,51.16469419175278,7.124524138319936,380,51.23016466150098,7.111432037484149,384.0098207920304,51.24680926142169,7.146593445147726,384.0098207920304,false,2026-04-14 21:36:51.420870 +00:00
3015,PO00499656,PO00516519,2026-04-14 21:36:20.297772 +00:00,48.94636018656254,14.33349925473185,0.23549377680435205,0.11727703335808008,0.00011858987261000509,48.94733661244247,14.327687290083784,351.103815108111,48.9507360571391,14.354316147713014,373.1800657061375,48.947447679429956,14.335961698287784,361.103815108111,48.92968610314982,14.332641056027406,363.18006570613744,false,2026-04-14 21:38:21.063989 +00:00
3006,PO00506659,PO00524643,2026-04-14 21:34:51.529498 +00:00,48.624903749538724,17.510137109787287,2.5741179578431974,0.0000017507659178573006,-0.00503003747457693,48.57955458717018,17.542113012414127,380,48.657452920551016,17.540056204070336,380,48.660491700026846,17.51246033630094,380.00010637855905,48.602115790406835,17.445918886363746,380.00010637855905,false,2026-04-14 21:38:22.914573 +00:00
3008,PO00522350,PO00524643,2026-04-14 21:34:56.542886 +00:00,48.62660021568375,17.49734965913561,2.0568199000616083,0.00000163800497154866,-0.004814731257111929,48.59261585129991,17.581476683207242,380,48.66461594044089,17.46468246114338,380,48.66396182857196,17.516505079666878,380.00009952707376,48.58520724242224,17.426734412524944,380.00009952707376,false,2026-04-14 21:38:28.993007 +00:00
3010,PO00503173,PO00507246,2026-04-14 21:35:18.183304 +00:00,46.70878611475193,12.604302581897349,0.9659571272472712,-0.06229652609667641,0.0011269644960882003,46.71117264714634,12.606947405489251,370,46.721295735459094,12.625842246784135,370,46.69818132011857,12.592797687336411,360,46.714505660418915,12.602415697986052,380,false,2026-04-14 21:36:49.479710 +00:00
3018,PO00518769,PO00520880,2026-04-14 21:40:29.296046 +00:00,49.022928116883385,17.955186452119055,1.8965429623372458,0.0000009478900558881377,0.03922625107841688,49.238839458236704,17.915957990190527,370,48.83722429127558,17.980330889255,370,49.18610356360906,17.81766857824077,370.0000575948945,48.8295451544122,18.106788350789927,370.0000575948945,false,2026-04-14 21:41:00.040231 +00:00
3020,PO00493941,PO00513413,2026-04-14 21:42:52.203087 +00:00,49.54898730350498,17.92962217488739,3.7580923850415586,0.00023443759170734435,0.05701381966185751,49.52881083196545,17.936250231604348,340,49.574898095166446,17.827349576476525,340,49.577774985650315,18.039616791544365,340.01424469881374,49.51446530123771,17.91527209992432,340.01424469881374,false,2026-04-14 21:43:53.295356 +00:00
3021,PO00508175,PO00513937,2026-04-14 21:43:31.006677 +00:00,51.56642584786708,8.718021610048908,0.6771359468533295,0.09897354398948822,0.027980190746571584,51.575629267844704,8.65264375875769,350,51.56837721324994,8.786075629132686,350,51.55231156907538,8.781334528500516,356.0137468329571,51.56938534129829,8.652032523804733,356.0137468329571,false,2026-04-14 21:44:30.128973 +00:00
3023,PO00510885,PO00521151,2026-04-14 21:44:32.746995 +00:00,49.48245571652387,13.834278946710162,3.909652953291479,0.08276805275393843,0.07252905779042773,49.41131209380234,13.824991108844102,375,49.49171925704538,13.87440811942146,375,49.48935568150311,13.869190601757763,380.0290824704821,49.537435833744645,13.76852595681732,380.0290824704821,false,2026-04-14 21:45:02.591894 +00:00
3027,PO00507993,PO00511456,2026-04-14 21:48:01.707754 +00:00,51.48828376948557,-0.08247556386368579,3.7437215971961795,0.08172404238481942,-0.00017981096183270037,51.47930823908611,-0.03548491982621996,45.89732696869861,51.47955588457942,-0.03409820034107273,44.265827426127395,51.49688966339013,-0.13169092999757637,35.89732696869861,51.49713599786319,-0.13010454438747354,54.265827426127395,false,2026-04-14 21:48:31.402337 +00:00
3026,PO00522978,PO00523106,2026-04-14 21:46:36.042899 +00:00,50.07097427882942,12.759909471084995,0.5887094319903798,0.0000016607065127950765,-0.00399262795759493,50.00786021410515,12.757515714683068,380,50.12766290364347,12.773834858386595,380,50.076752462909894,12.83036019140116,380.0001009064456,50.07162153465916,12.677927119869157,380.0001009064456,false,2026-04-14 21:48:06.525852 +00:00
3031,PO00514230,PO00516055,2026-04-14 21:49:05.741259 +00:00,49.001276657472445,17.308895113986004,1.3740195168045617,-0.09832030763233376,0.05363020143798574,48.961758947925944,17.374816450182966,320,49.017914846001126,17.243725537665135,320,48.98290342253999,17.252706798323423,314.02594456249733,49.042529413422706,17.364331669772493,314.02594456249733,false,2026-04-14 21:52:05.712890 +00:00
3009,PO00501747,PO00504539,2026-04-14 21:35:16.374752 +00:00,51.92911062473506,-0.12693094301030805,3.65607098086499,0.03616639748977976,-0.00020053122958278314,51.95638888888889,-0.10587256773423631,33.15752175904338,51.95638888888889,-0.10441829029460761,26.228328916227635,51.90181210043018,-0.14981768981483365,23.157521759043373,51.90184532056709,-0.14827402551569652,36.22832891622764,false,2026-04-14 21:35:47.094415 +00:00
2991,PO00506360,PO00521211,2026-04-14 21:25:45.735665 +00:00,49.30338605537672,14.306483818815323,2.589796044757711,0.0009712802649922382,0.07697083570598795,49.33579499486361,14.294473469746302,380,49.257421264328414,14.254967568594061,380,49.28172439808944,14.39273117446676,380.0590161105894,49.33860356422542,14.283763062454165,380.0590161105894,false,2026-04-14 21:26:45.350386 +00:00
2987,PO00503145,PO00523554,2026-04-14 21:23:41.820240 +00:00,44.90814672611121,25.5753200568133,2.2733832969914776,0.044711630656773194,0.0003434010643748753,44.92593309897054,25.584434717565568,360,44.92627240809205,25.583118047634176,360,44.889937554011986,25.567529278422736,350,44.890263194495375,25.566763837105405,370,false,2026-04-14 21:27:13.302230 +00:00
2977,PO00509597,PO00515020,2026-04-14 21:16:43.305848 +00:00,51.837959556242524,0.8126067767447013,0.4582850396568406,-0.1353590486502389,0.0002827710150788106,51.83673350407639,0.8180167891364224,143,51.83777082575439,0.8235077343596588,143,51.8390802677285,0.8065052122679625,133,51.839229597235985,0.8088045252839721,153,true,2026-04-14 21:17:42.060787 +00:00
2964,PO00522240,PO00522487,2026-04-14 21:07:05.757830 +00:00,45.58967251130709,21.225277490564675,3.524097295738563,0.0000032420745166608697,-0.04355503733918694,45.88480614007011,20.827906213968582,370,45.33479651517997,21.56155064347437,370,45.80155790033346,20.831046406598144,370.0001969921918,45.33752948964483,21.6806066982176,370.0001969921918,false,2026-04-14 21:08:37.767811 +00:00
2976,PO00508310,PO00509112,2026-04-14 21:16:41.429764 +00:00,50.84915924777642,13.962072549613119,4.269691219869166,0.1143112132762627,0.00127603631964349,50.867475491234416,13.912285640930167,360.97277306116615,50.86704031790422,13.91363904279835,361.4801991963363,50.83173581997414,14.00993827959856,350.97277306116615,50.831117255023486,14.010852332971526,371.48019919633634,false,2026-04-14 21:18:11.858119 +00:00
3046,PO00523912,PO00523926,2026-04-14 21:58:38.799793 +00:00,46.20405194185292,21.170483584848913,4.954592249852253,0,0.0649253291305138,46.1945725393654,21.178789088620963,296.3625604072416,46.14755760271648,21.233791890433558,243.63069213783038,46.26054628098935,21.107175279264265,306.3625604072416,46.21353134434043,21.162178081076863,233.63069213783038,false,2026-04-14 21:59:08.866994 +00:00
2970,PO00501747,PO00513014,2026-04-14 21:10:32.457560 +00:00,50.37078746410908,10.98375680055792,3.2614371237238404,-0.08654326429042425,0.000409485595465115,50.343860526118455,10.990024692117398,380,50.344052163182525,10.989242434294376,380,50.39758147124282,10.97778148059767,370,50.39795054272625,10.977329657784352,390,false,2026-04-14 21:11:04.463660 +00:00
2969,PO00504915,PO00504970,2026-04-14 21:08:04.705133 +00:00,49.544594957292375,13.325938572532493,1.7302791510129343,0.0005135144121231512,0.06785562810381815,49.57176354405873,13.226684772203992,370,49.54157610427143,13.40087770991893,370,49.59024890598722,13.352233054311121,370.03120172871564,49.47479127485212,13.323958753695932,370.03120172871564,false,2026-04-14 21:11:06.173530 +00:00
3014,PO00522240,PO00522487,2026-04-14 21:35:56.710234 +00:00,41.116618399600995,29.54915639972792,4.9699997755121785,0.1047441486375151,-0.0000000014134789458763591,41.15111111026433,29.58055556084627,65.0000209901484,41.151406145809226,29.578712166287506,57.686618359975604,41.08161504090621,29.52060002063861,55.00002099014841,41.08194410254543,29.518969060749534,67.6866183599756,false,2026-04-14 21:36:26.694991 +00:00
2971,PO00522240,PO00522487,2026-04-14 21:10:38.503525 +00:00,44.2910504638605,23.49549813044624,4.366275622339675,0.000005794886373541685,-0.07151690717114834,45.745081812938345,20.845067107491275,370,42.88228976413236,26.06485463371999,370,45.73156776758097,20.962125848376818,370.0003521039883,42.80526251079034,26.109944932196886,370.0003521039883,false,2026-04-14 21:12:08.442599 +00:00
2972,PO00520564,PO00523097,2026-04-14 21:13:09.426959 +00:00,42.55400674331637,26.463436815704775,0.8885288086949429,-0.030182661889147422,0.10356705544221732,42.556091264219305,26.45799034502144,355.0000131815232,42.55837474173367,26.45216074761687,375.0000131815232,42.54916823802915,26.47591406296371,365.0000131815232,42.55153914598888,26.469861260253108,365.0000131815232,false,2026-04-14 21:13:40.856412 +00:00
2996,PO00506662,PO00518406,2026-04-14 21:29:18.513347 +00:00,50.35145499223295,10.56262537342947,0.7209117107627044,0.000023584746562166897,0.01865008018162916,50.27168600098665,10.757453305221627,380,50.43472632305944,10.34985612010622,380,50.347007071492605,10.812944614001909,380.0014330364381,50.35240057339311,10.330247454388124,380.0014330364381,false,2026-04-14 21:29:48.460225 +00:00
2980,PO00505657,PO00506345,2026-04-14 21:19:12.224745 +00:00,38.31141303072148,24.450041837226394,2.0957011394256844,0.0017450521927010456,0.11096294597150275,38.3509706966711,24.50764718118811,370,38.30627671258566,24.399860256879307,370,38.32909004720618,24.40461234158536,370.1060313865119,38.25931466642299,24.488047569252807,370.1060313865119,false,2026-04-14 21:22:14.890328 +00:00
2997,PO00506662,PO00518406,2026-04-14 21:29:18.513999 +00:00,50.76341054671278,9.522087682133147,2.624711028380084,0.000010604076472411625,0.06467831958358261,50.540367837511184,10.077082827364668,380,51.00629174862399,8.905905289758394,380,50.45736785295457,10.087746501463648,380.0006443159326,51.04961474776135,9.017616109945882,380.0006443159326,false,2026-04-14 21:29:48.460273 +00:00
2982,PO00509112,PO00518616,2026-04-14 21:20:44.401732 +00:00,49.72684566862367,15.091459583361717,2.7679253333985714,0.013064272765766785,-0.0013738033050040936,49.75692067546182,15.103496109941231,330.0001459311893,49.71393380470145,15.146699947573886,350.0001459311893,49.69453564944779,15.07194092376197,340.0001459311893,49.7423779706887,15.044991639070888,340.0001459311893,false,2026-04-14 21:23:15.046845 +00:00
2973,PO00522240,PO00522487,2026-04-14 21:14:11.659740 +00:00,44.72423277617113,22.65019166025945,2.2093911457883078,-0.11886917959976402,-0.00030561363300066744,44.74855029270003,22.62249774313405,360.0000770480716,44.738769232991196,22.639504560966937,380.0000770480716,44.71633992600871,22.64828898313093,370.0000770480716,44.70704762970426,22.665651592742694,370.0000770480716,false,2026-04-14 21:15:42.662052 +00:00
2974,PO00522240,PO00522487,2026-04-14 21:14:11.660310 +00:00,44.54771644955281,22.961954753117812,1.9882811978915373,-0.0398521050530137,-0.0009168581548377144,44.56441808869059,22.93360536170981,360.0000617598286,44.55463702898176,22.95055740928328,380.0000617598286,44.54350628954042,22.96977380664979,370.0000617598286,44.53317461016809,22.985877998838138,370.0000617598286,false,2026-04-14 21:15:42.662103 +00:00
2975,PO00518058,PO00520963,2026-04-14 21:15:41.342610 +00:00,51.68275728197784,10.940583467293886,2.827570268673803,0.08947546993339267,0.0019679773418577475,51.66797519907406,10.919160559180126,370,51.65772783242627,10.960059558739697,370,51.72188277594425,10.947649003979743,360,51.70059034859043,10.925351692411866,380,false,2026-04-14 21:16:12.375154 +00:00
2988,PO00504490,PO00504709,2026-04-14 21:24:42.409482 +00:00,48.26851848491538,20.733698116532292,1.9213565390323768,-0.032910280239245325,-0.011028200822213318,48.530523970453864,19.457250188461245,372,47.97696254964956,22.02868303526157,372,48.530567684472835,19.331557109571214,370.0003333660406,48.03601973508526,22.11730213283514,370.0003333660406,false,2026-04-14 21:25:11.495854 +00:00
2999,PO00507993,PO00511456,2026-04-14 21:30:17.708350 +00:00,50.77181022186017,5.262065427656947,0.020142520055921237,0.00001083422823031768,0.033816861180259485,50.586541276159345,6.348861676818443,380,50.956755116391975,4.1751325720260235,380,50.565311781835376,6.475551005142225,380.00065830021924,50.97863271305399,4.048716456641097,380.00065830021924,false,2026-04-14 21:30:48.916822 +00:00
3001,PO00507993,PO00511456,2026-04-14 21:30:17.710571 +00:00,50.799325249537624,5.068201618840619,0.0002080018524795495,0.00000000334821058791635,0.0629891106795052,50.485798885380994,6.085414361958838,380,51.11284849994671,4.050986472536626,380,50.449295685951775,6.20385948473426,380.0000002034411,51.14935792687103,3.9325461561327493,380.0000002034411,false,2026-04-14 21:30:48.916883 +00:00
2994,PO00500624,PO00517726,2026-04-14 21:28:12.982560 +00:00,50.203166363906355,12.921826455571088,2.4142383128629756,-0.04913911343961344,0.06625745187218066,50.16591762831986,13.009613220468715,340,50.27967543045217,12.82057630186193,340,50.11090004589771,12.912739236018584,337.01425071882664,50.256172350955666,12.944377063935125,337.01425071882664,false,2026-04-14 21:31:16.546357 +00:00
3000,PO00507993,PO00511456,2026-04-14 21:30:17.709817 +00:00,50.799325249537624,5.068201618840619,0.0002080018524795495,0.00000000334821058791635,0.0629891106795052,50.485798885380994,6.085414361958838,380,51.11284849994671,4.050986472536626,380,50.449295685951775,6.20385948473426,380.0000002034411,51.14935792687103,3.9325461561327493,380.0000002034411,false,2026-04-14 21:31:20.876989 +00:00
3030,PO00506840,PO00517937,2026-04-14 21:48:59.834759 +00:00,49.50025582285864,13.567282996184833,3.331349481170031,0.0018824273897109414,0.10925758058031752,49.46356411892631,13.624133046853963,360,49.52931216195305,13.593683322192177,360,49.532709361950374,13.553827951212869,360.11437846213073,49.47543764860483,13.497487664480321,360.11437846213073,false,2026-04-14 21:50:30.891095 +00:00
3016,PO00506222,PO00506636,2026-04-14 21:37:21.475359 +00:00,50.0166045334006,16.13171053237592,0.37517200892643393,0.00003955180121679067,0.03453784064373898,50.01825660180656,16.197406446041914,350,50.0211973119206,16.06635399565639,350,50.01490989346738,16.06791181453956,350.00240321311855,50.01205432640787,16.195169873265815,350.00240321311855,false,2026-04-14 21:39:23.811632 +00:00
3019,PO00509268,PO00511456,2026-04-14 21:42:28.996973 +00:00,51.67701892482403,0.6335878802622017,4.449752527182258,-0.002003867954637195,0.00010141513634468578,51.67710614358636,0.5729778091867728,116.64456725068388,51.67723422718937,0.5746600675751138,129.18789864311313,51.67679285918426,0.6924971642780938,126.64456725068388,51.67693912888357,0.6941755615622826,119.18789864311312,false,2026-04-14 21:42:58.681626 +00:00
3022,PO00500588,PO00523106,2026-04-14 21:44:23.636377 +00:00,50.08406633575375,12.92534279446743,0.8609323537318094,-0.11520207700367592,0.008772151497527723,50.038721770840155,12.906929381564257,290,50.140258851309156,12.929152603394023,290,50.08152086629161,13.018181038467906,283.0001887594879,50.07576385457407,12.847108154443532,283.0001887594879,false,2026-04-14 21:45:24.146758 +00:00
3024,PO00506343,PO00510224,2026-04-14 21:45:29.317616 +00:00,45.66783191738881,21.826788012929896,3.0900567022828564,-0.015070597849649925,0.010169190970252274,45.69745800529978,21.83795029880302,338.6148751161479,45.67784707048502,21.86153570624729,332.2590843086118,45.65558159914848,21.79508428956752,328.6148751161479,45.636938000481784,21.81672295697489,342.2590843086118,true,2026-04-14 21:46:57.222098 +00:00
3025,PO00509582,PO00513722,2026-04-14 21:46:32.013693 +00:00,48.00009287387234,16.223280134739483,2.5823423915451853,0.000023363819157833863,0.09467970312222149,47.739738244746206,16.39339928148625,380,48.22049908614083,16.076738004366472,380,47.80611022465504,16.46780906558803,380.00141961263387,48.23402393994727,15.955174187517182,380.00141961263387,false,2026-04-14 21:46:59.941539 +00:00
3028,PO00508912,PO00519315,2026-04-14 21:48:32.520999 +00:00,50.33041223803829,9.023404531783834,3.9941356555000462,0.06584961576141696,0.011549445060146669,50.30945144727535,8.969293460887089,350,50.28906018930822,9.041030961018176,350,50.35422340825386,9.079278470209081,354.00109870046407,50.36891390731575,9.004015235020992,354.00109870046407,false,2026-04-14 21:51:32.666754 +00:00
3029,PO00504629,PO00506521,2026-04-14 21:48:59.052771 +00:00,51.146445129448374,10.650848620936873,3.558594637487683,-0.12325351022577796,0.0005324563027974963,51.16834229044979,10.619918661120526,374.70359983701945,51.1697896856735,10.61518609895465,358.3216335161683,51.124172159406214,10.682887883200022,364.70359983701945,51.12571809652347,10.6787848120259,368.3216335161683,false,2026-04-14 21:52:01.273884 +00:00
3032,PO00504077,PO00512197,2026-04-14 21:51:29.924387 +00:00,47.69885741209095,16.27536013331062,0.9371594611155789,0.001607652870847918,0.08949275523200738,47.738883638513016,16.241356854497543,370,47.65752024634903,16.285945021136694,370,47.65868228615858,16.275119472468315,370.0976828450397,47.740343477343174,16.299019185139933,370.0976828450397,false,2026-04-14 21:52:00.715136 +00:00
3033,PO00516519,PO00524643,2026-04-14 21:52:06.794952 +00:00,44.39405654693686,13.446408495476279,0.9002359420732494,0.03688418767697432,0.025709998297431643,44.3943996088954,13.446639798213832,350,44.37647093760379,13.433296542362678,350,44.40754717609291,13.456472795625604,360,44.38981683081117,13.443277142162184,340,false,2026-04-14 21:52:36.784995 +00:00
3036,PO00492761,PO00519062,2026-04-14 21:52:58.325051 +00:00,50.089526447787215,13.340477329695881,1.245996234159879,0.03369909107517932,0.1589710118829795,50.14512735621755,13.35350837606527,340,50.05057296320935,13.30789510402416,340,50.080325757221544,13.270977592981174,342.0475956913134,50.082079714500416,13.429528245712918,342.0475956913134,false,2026-04-14 21:56:31.545209 +00:00
3037,PO00506662,PO00518406,2026-04-14 21:53:03.425055 +00:00,51.8670262452152,0.1138571428920861,3.0040423538786087,-0.022009876185674793,-0.00010106430787370952,51.84454233005705,0.13077398254701347,37.421733988501146,51.84461680743042,0.13249797311729059,53.35967678287428,51.88944653389179,0.09497073535676456,47.42173398850114,51.889484298809336,0.09672122279585155,43.35967678287428,false,2026-04-14 21:53:35.232335 +00:00
3035,PO00523838,PO00523912,2026-04-14 21:52:38.335161 +00:00,47.82278911430725,18.712535273123375,2.405995263999235,-0.03513148381902329,-0.00004703036212306268,47.80853407799337,18.732723594164124,290,47.808132585828524,18.733387521651228,290,47.83758381277008,18.691518425924706,300,47.8370958469623,18.692220055014285,280,false,2026-04-14 21:53:39.891447 +00:00
3045,PO00506598,PO00521686,2026-04-14 21:58:36.600526 +00:00,49.71947316212111,14.51990765645702,1.902212630179284,0.0015929661639214698,0.12183057062124143,49.77702295731651,14.555707508152038,340,49.677157294687454,14.527929415902177,340,49.694261355285335,14.570303032477401,340.09679046376584,49.72945104119515,14.425690669296467,340.09679046376584,false,2026-04-14 21:59:34.683957 +00:00
3047,PO00506598,PO00518750,2026-04-14 21:59:04.404970 +00:00,50.60005102933233,14.76177385505359,1.870193525108138,0.000010814685993796603,0.010046302762871454,50.644019144534326,14.796866475456648,340,50.56340233396066,14.774442539720871,340,50.56162989906556,14.777733815422346,340.00065711281036,50.63115273976876,14.6980525896145,340.00065711281036,false,2026-04-14 21:59:34.488367 +00:00
3050,PO00512197,PO00525516,2026-04-14 22:00:08.727011 +00:00,49.97745857431653,17.687879914042266,1.6728051112123885,0.00026414355032782194,0.0333162579179995,49.94298124315132,17.630889236246787,370,50.01359013512805,17.701837686864472,370,50.019666821221875,17.681131720974673,370.0160496671656,49.93359609776488,17.73766101208313,370.0160496671656,false,2026-04-14 22:02:37.581604 +00:00
3053,PO00506598,PO00508724,2026-04-14 22:02:36.036263 +00:00,48.942853562750166,14.327268855934072,2.857012912485952,-0.0008579846971824567,0.0032109148420738456,48.9285090055937,14.316508098939831,370.0001276669756,48.91529273085789,14.303439368544135,350.0001276669756,48.971327595187965,14.348268114990132,360.0001276669756,48.956136827366166,14.34075253082317,360.0001276669756,true,2026-04-14 22:03:36.613615 +00:00
3054,PO00507110,PO00518607,2026-04-14 22:02:37.708629 +00:00,50.21747577129961,12.024401426260772,3.554344782892957,0.0000029921171232722924,-0.052707402829996385,50.23900023290742,12.686596400379685,340,50.25354458820732,11.383621910074943,340,50.19495668449752,12.576076184701545,340.0001818044919,50.18240157958618,11.451311209886914,340.0001818044919,false,2026-04-14 22:05:04.668191 +00:00
3034,PO00518650,PO00521061,2026-04-14 21:52:35.990297 +00:00,48.78282271566836,16.621414200328992,0.21906616205713283,-0.04099563560968723,-0.000054814954270734305,48.780629784389625,16.622119825669976,350.06525981019837,48.781288372974075,16.621943592815065,369.90211233351937,48.784950588642616,16.62162781204235,360.06525981019837,48.784396168828835,16.62033219907122,359.90211233351937,false,2026-04-14 21:53:06.576411 +00:00
3038,PO00523838,PO00523912,2026-04-14 21:56:37.992529 +00:00,46.192382191686995,21.184261377191966,4.721986583439696,0,0.1459208074473568,46.17396856115827,21.203151384202556,267.49033859279467,46.14791974293304,21.23362762770371,245.9809997957293,46.23684464044096,21.134895126680224,277.49033859279467,46.21079582221573,21.165371370181376,235.9809997957293,false,2026-04-14 21:57:08.489309 +00:00
3048,PO00523912,PO00523926,2026-04-14 21:59:40.048785 +00:00,46.20730563357523,21.16686908117701,4.595203793211139,-0.000000000000000027755575615628914,0.007107122811836128,46.199427664518154,21.173504456383316,296.55106237797116,46.1539959030615,21.226659720604825,247.58582823279994,46.26061536408896,21.10707844174919,306.55106237797116,46.21518360263231,21.1602337059707,237.58582823279994,false,2026-04-14 22:00:09.159358 +00:00
3051,PO00501893,PO00521686,2026-04-14 22:02:03.327865 +00:00,50.458205831738326,11.15817837415205,3.315364391801288,0.0000027859955391776335,-0.3730710283493847,49.34090813752596,16.19274301525724,340,51.57961873907425,6.037605989610596,340,49.27462874126083,16.271494472919734,340.0001692803064,51.63766770909226,6.13087001882063,340.0001692803064,true,2026-04-14 22:04:04.292186 +00:00
3039,PO00509582,PO00521435,2026-04-14 21:57:37.307891 +00:00,50.96348303970472,14.712915580177214,2.404025439731403,0.00004068688843247422,0.013036706778444491,50.92679437554786,14.700681501475538,300,51.014606210385395,14.6660165791115,300,50.98046965018708,14.801493185904157,300.00247218232863,50.93206192269854,14.683471054217659,300.00247218232863,false,2026-04-14 21:58:06.911232 +00:00
3040,PO00509582,PO00521435,2026-04-14 21:57:37.308516 +00:00,50.961602728461614,14.71191939479815,2.160996086083406,0.000003295165687882524,-0.001768661563959544,50.9276061457286,14.703450202542461,300,51.0103302974399,14.66827501808734,300,50.981394778803214,14.804338983555203,300.0002002180726,50.92707969187474,14.671613375007597,300.0002002180726,false,2026-04-14 21:58:06.911266 +00:00
3041,PO00509582,PO00521435,2026-04-14 21:57:37.309031 +00:00,51.408374667220436,14.499516697699733,0.053827568677684616,0.0000033515728801582703,0.000811127536862289,50.90309128342466,14.715405392879388,300,51.91389008788912,14.285004137103757,300,50.82242432842461,14.74827869509483,300.0002036454388,51.99409296914336,14.249378565720955,300.0002036454388,false,2026-04-14 21:58:06.911279 +00:00
3042,PO00509582,PO00521435,2026-04-14 21:57:37.309498 +00:00,51.92559805171762,14.42861685373496,0.036218547489151404,0.000004247601365167515,0.07832611290091139,51.40525141056017,14.516872454125092,300,52.446007748176285,14.341324037697323,300,51.322369548552096,14.52987903978011,300.00025808916433,52.52876349958192,14.326391883337312,300.00025808916433,false,2026-04-14 21:58:06.911292 +00:00
3043,PO00523838,PO00523912,2026-04-14 21:57:39.110903 +00:00,46.205705880035055,21.169602369771177,3.0076698322911826,0.000000000000000027755575615628914,0.0270470797052493,46.22279574338823,21.147911392416272,289.9996466962077,46.14856878460908,21.234790468521975,228.27756162491087,46.26284297546103,21.10441427102038,299.9996466962078,46.18861601668188,21.191293347126084,218.27756162491087,false,2026-04-14 21:59:40.023148 +00:00
3044,PO00503894,PO00508724,2026-04-14 21:58:32.289674 +00:00,49.823766456063396,14.668806181362061,1.9500811997526126,0.000891153775003634,0.08808377891657085,49.80276348754002,14.729868870367497,360,49.82734587690905,14.565406064694377,360,49.88490176591745,14.708668717626376,360.0541475325232,49.78005469388707,14.671281072759998,360.0541475325232,false,2026-04-14 22:02:05.105251 +00:00
3052,PO00517669,PO00526756,2026-04-14 22:02:08.453376 +00:00,50.71711316257782,13.627593743132158,0.3755975881072619,-0.12118367012678224,0.029581725578206902,50.75066231693546,13.611937357259759,340.0000021815028,50.715555551726275,13.62888889073788,360.0000021815028,50.74573467873379,13.636461096616344,350.0000021815028,50.70922969428176,13.627329560635594,350.0000021815028,false,2026-04-14 22:03:09.899660 +00:00
3049,PO00508423,PO00518750,2026-04-14 22:00:05.969826 +00:00,51.349838766690716,13.74149802037319,2.420547817165636,0.00003483851895375031,0.00851055436445168,51.382241613886436,13.715347861679074,360,51.304134432454575,13.706584409646112,360,51.326755343880635,13.814986883204455,360.0021168286451,51.38622367654123,13.729072926963115,360.0021168286451,false,2026-04-14 22:03:37.605374 +00:00
